{
  "class_meanings": {
    "109": "INFORMAL_SETTLEMENTS/SLUMS"
  },
  "detailed_stats": {
    "109": {
      "avg_rgb": [
        79.99236111111112,
        101.6691736111111,
        107.08996527777776
      ],
      "sample_count": 10
    }
  }
}