,precision,recall,f1-score,support
Non-Slum,0.9958655119574116,0.9913891573890985,0.9936222931074884,8152280.0
Slum,0.9422506754066425,0.9715383571404336,0.9566704141685641,1178920.0
accuracy,0.9888811728395062,0.9888811728395062,0.9888811728395062,0.9888811728395062
macro avg,0.969058093682027,0.981463757264766,0.9751463536380263,9331200.0
weighted avg,0.9890917204722401,0.9888811728395062,0.9889537286014575,9331200.0
